name	chrom	exonCount	name2
NM_001276352.2	chr1	9	C1orf141
NM_001276351.2	chr1	8	C1orf141
NR_075077.2	chr1	10	C1orf141
XM_011541469.1	chr1	5	C1orf141
XM_011541467.1	chr1	9	C1orf141
XM_017001276.1	chr1	9	C1orf141
XM_011541465.2	chr1	9	C1orf141
XM_011541466.2	chr1	9	C1orf141
XM_017001277.1	chr1	9	C1orf141
XM_011541473.2	chr1	6	C1orf141
XM_011541472.1	chr1	7	C1orf141
NM_001005337.3	chr1	14	PKP1
NM_000299.4	chr1	15	PKP1
NM_001042682.2	chr1	13	RERE
NM_012102.4	chr1	24	RERE
NM_001042681.2	chr1	23	RERE
